{
  "packages": [
    {
      "websiteURL": "https://www.electroseed.fr",
      "tools": [
        {
          "name": "bossac",
          "version": "1.8.0-48-gb176eee",
          "systems": [
            {
              "host": "i686-mingw32",
              "url": "http://downloads.arduino.cc/tools/bossac-1.8-48-gb176eee-i686-w64-mingw32.tar.gz",
              "archiveFileName": "bossac-1.8-48-gb176eee-i686-w64-mingw32.tar.gz",
              "checksum": "SHA-256:4523a6897f3dfd673fe821c5cfbac8d6a12782e7a36b312b9ee7d41deec2a10a",
              "size": "91219"
            },
            {
              "host": "x86_64-apple-darwin",
              "url": "http://downloads.arduino.cc/tools/bossac-1.8-48-gb176eee-i386-apple-darwin16.1.0.tar.gz",
              "archiveFileName": "bossac-1.8-48-gb176eee-i386-apple-darwin16.1.0.tar.gz",
              "checksum": "SHA-256:581ecc16021de36638ae14e9e064ffb4a1d532a11502f4252da8bcdf5ce1d649",
              "size": "39150"
            },
            {
              "host": "x86_64-pc-linux-gnu",
              "url": "http://downloads.arduino.cc/tools/bossac-1.8-48-gb176eee-x86_64-linux-gnu.tar.gz",
              "archiveFileName": "bossac-1.8-48-gb176eee-x86_64-linux-gnu.tar.gz",
              "checksum": "SHA-256:1347eec67f5b90b785abdf6c8a8aa59129d0c016de7ff9b5ac1690378eacca3c",
              "size": "37798"
            },
            {
              "host": "i686-pc-linux-gnu",
              "url": "http://downloads.arduino.cc/tools/bossac-1.8-48-gb176eee-i486-linux-gnu.tar.gz",
              "archiveFileName": "bossac-1.8-48-gb176eee-i486-linux-gnu.tar.gz",
              "checksum": "SHA-256:4c7492f876b8269aa9d8bcaad3aeda31acf1a0292383093b6d9f5f1d23fdafc3",
              "size": "37374"
            },
            {
              "host": "arm-linux-gnueabihf",
              "url": "http://downloads.arduino.cc/tools/bossac-1.8-48-gb176eee-arm-linux-gnueabihf.tar.gz",
              "archiveFileName": "bossac-1.8-48-gb176eee-arm-linux-gnueabihf.tar.gz",
              "checksum": "SHA-256:2001e4a592f3aefd22f213b1ddd6f5d8d5e74bd04080cf1b97c24cbaa81b10ed",
              "size": "34825"
            },
            {
              "host": "aarch64-linux-gnu",
              "url": "http://downloads.arduino.cc/tools/bossac-1.9.1-arduino2-linuxaarch64.tar.gz",
              "archiveFileName": "bossac-1.9.1-arduino2-linuxaarch64.tar.gz",
              "checksum": "SHA-256:c167fa0ea223966f4d21f5592da3888bcbfbae385be6c5c4e41f8abff35f5cb1",
              "size": "442853"
            }
          ]
        },
        {
          "name": "CMSIS",
          "version": "5.4.0",
          "systems": [
            {
              "host": "i686-mingw32",
              "url": "https://github.com/ARM-software/CMSIS_5/archive/5.4.0.tar.gz",
              "archiveFileName": "CMSIS_5-5.4.0-adafruit.tar.gz",
              "checksum": "SHA-256:93d09907ceb23a520ef65e6b5014d2e866efa6b7f5fe5d8828b29bbc54dec697",
              "size": "153772853"
            },
            {
              "host": "x86_64-apple-darwin",
              "url": "https://github.com/ARM-software/CMSIS_5/archive/5.4.0.tar.gz",
              "archiveFileName": "CMSIS_5-5.4.0-adafruit.tar.gz",
              "checksum": "SHA-256:93d09907ceb23a520ef65e6b5014d2e866efa6b7f5fe5d8828b29bbc54dec697",
              "size": "153772853"
            },
            {
              "host": "x86_64-pc-linux-gnu",
              "url": "https://github.com/ARM-software/CMSIS_5/archive/5.4.0.tar.gz",
              "archiveFileName": "CMSIS_5-5.4.0-adafruit.tar.gz",
              "checksum": "SHA-256:93d09907ceb23a520ef65e6b5014d2e866efa6b7f5fe5d8828b29bbc54dec697",
              "size": "153772853"
            },
            {
              "host": "i686-pc-linux-gnu",
              "url": "https://github.com/ARM-software/CMSIS_5/archive/5.4.0.tar.gz",
              "archiveFileName": "CMSIS_5-5.4.0-adafruit.tar.gz",
              "checksum": "SHA-256:93d09907ceb23a520ef65e6b5014d2e866efa6b7f5fe5d8828b29bbc54dec697",
              "size": "153772853"
            },
            {
              "host": "arm-linux-gnueabihf",
              "url": "https://github.com/ARM-software/CMSIS_5/archive/5.4.0.tar.gz",
              "archiveFileName": "CMSIS_5-5.4.0-adafruit.tar.gz",
              "checksum": "SHA-256:93d09907ceb23a520ef65e6b5014d2e866efa6b7f5fe5d8828b29bbc54dec697",
              "size": "153772853"
            },
            {
              "host": "aarch64-linux-gnu",
              "url": "https://github.com/ARM-software/CMSIS_5/archive/5.4.0.tar.gz",
              "archiveFileName": "CMSIS_5-5.4.0-adafruit.tar.gz",
              "checksum": "SHA-256:93d09907ceb23a520ef65e6b5014d2e866efa6b7f5fe5d8828b29bbc54dec697",
              "size": "153772853"
            },
            {
              "host": "all",
              "url": "https://github.com/ARM-software/CMSIS_5/archive/5.4.0.tar.gz",
              "archiveFileName": "CMSIS_5-5.4.0-adafruit.tar.gz",
              "checksum": "SHA-256:93d09907ceb23a520ef65e6b5014d2e866efa6b7f5fe5d8828b29bbc54dec697",
              "size": "153772853"
            }
          ]
        },
        {
          "name": "CMSIS-Atmel",
          "version": "1.2.2",
          "systems": [
            {
              "host": "i686-mingw32",
              "url": "https://github.com/adafruit/ArduinoModule-CMSIS-Atmel/releases/download/v1.2.2/CMSIS-Atmel-1.2.2.tar.bz2",
              "archiveFileName": "CMSIS-Atmel-1.2.2.tar.bz2",
              "checksum": "SHA-256:ad06a1d864b79981728882a0a1272ff4dc0b29ae4e056f3f22f3ed449a6c65b8",
              "size": "2511228"
            },
            {
              "host": "x86_64-apple-darwin",
              "url": "https://github.com/adafruit/ArduinoModule-CMSIS-Atmel/releases/download/v1.2.2/CMSIS-Atmel-1.2.2.tar.bz2",
              "archiveFileName": "CMSIS-Atmel-1.2.2.tar.bz2",
              "checksum": "SHA-256:ad06a1d864b79981728882a0a1272ff4dc0b29ae4e056f3f22f3ed449a6c65b8",
              "size": "2511228"
            },
            {
              "host": "x86_64-pc-linux-gnu",
              "url": "https://github.com/adafruit/ArduinoModule-CMSIS-Atmel/releases/download/v1.2.2/CMSIS-Atmel-1.2.2.tar.bz2",
              "archiveFileName": "CMSIS-Atmel-1.2.2.tar.bz2",
              "checksum": "SHA-256:ad06a1d864b79981728882a0a1272ff4dc0b29ae4e056f3f22f3ed449a6c65b8",
              "size": "2511228"
            },
            {
              "host": "i686-pc-linux-gnu",
              "url": "https://github.com/adafruit/ArduinoModule-CMSIS-Atmel/releases/download/v1.2.2/CMSIS-Atmel-1.2.2.tar.bz2",
              "archiveFileName": "CMSIS-Atmel-1.2.2.tar.bz2",
              "checksum": "SHA-256:ad06a1d864b79981728882a0a1272ff4dc0b29ae4e056f3f22f3ed449a6c65b8",
              "size": "2511228"
            },
            {
              "host": "arm-linux-gnueabihf",
              "url": "https://github.com/adafruit/ArduinoModule-CMSIS-Atmel/releases/download/v1.2.2/CMSIS-Atmel-1.2.2.tar.bz2",
              "archiveFileName": "CMSIS-Atmel-1.2.2.tar.bz2",
              "checksum": "SHA-256:ad06a1d864b79981728882a0a1272ff4dc0b29ae4e056f3f22f3ed449a6c65b8",
              "size": "2511228"
            },
            {
              "host": "aarch64-linux-gnu",
              "url": "https://github.com/adafruit/ArduinoModule-CMSIS-Atmel/releases/download/v1.2.2/CMSIS-Atmel-1.2.2.tar.bz2",
              "archiveFileName": "CMSIS-Atmel-1.2.2.tar.bz2",
              "checksum": "SHA-256:ad06a1d864b79981728882a0a1272ff4dc0b29ae4e056f3f22f3ed449a6c65b8",
              "size": "2511228"
            },
            {
              "host": "all",
              "url": "https://github.com/adafruit/ArduinoModule-CMSIS-Atmel/releases/download/v1.2.2/CMSIS-Atmel-1.2.2.tar.bz2",
              "archiveFileName": "CMSIS-Atmel-1.2.2.tar.bz2",
              "checksum": "SHA-256:ad06a1d864b79981728882a0a1272ff4dc0b29ae4e056f3f22f3ed449a6c65b8",
              "size": "2511228"
            }
          ]
        },
        {
          "name": "arm-none-eabi-gcc",
          "version": "9-2019q4",
          "systems": [
            {
              "host": "arm-linux-gnueabihf",
              "url": "http://downloads.arduino.cc/tools/gcc-arm-none-eabi-7-2019-q4-major-linuxarm.tar.bz2",
              "archiveFileName": "gcc-arm-none-eabi-7-2019-q4-major-linuxarm.tar.bz2",
              "checksum": "SHA-256:34180943d95f759c66444a40b032f7dd9159a562670fc334f049567de140c51b",
              "size": "96613739"
            },
            {
              "host": "aarch64-linux-gnu",
              "url": "https://github.com/adafruit/arduino-board-index/releases/download/build-tools/gcc-arm-none-eabi-9-2019-q4-major-aarch64-linux.tar.bz2",
              "archiveFileName": "gcc-arm-none-eabi-9-2019-q4-major-aarch64-linux.tar.bz2",
              "checksum": "MD5:0dfa059aae18fcf7d842e30c525076a4",
              "size": "128670769"
            },
            {
              "host": "i686-mingw32",
              "url": "https://github.com/adafruit/arduino-board-index/releases/download/build-tools/gcc-arm-none-eabi-9-2019-q4-major-win32.zip",
              "archiveFileName": "gcc-arm-none-eabi-9-2019-q4-major-win32.zip",
              "checksum": "MD5:9d60cbb0e358ab6a9d3c9e5dc3624dd2",
              "size": "153520070"
            },
            {
              "host": "x86_64-apple-darwin",
              "url": "https://github.com/adafruit/arduino-board-index/releases/download/build-tools/gcc-arm-none-eabi-9-2019-q4-major-mac.tar.bz2",
              "archiveFileName": "gcc-arm-none-eabi-9-2019-q4-major-mac.tar.bz2",
              "checksum": "MD5:241b64f0578db2cf146034fc5bcee3d4",
              "size": "116770520"
            },
            {
              "host": "x86_64-pc-linux-gnu",
              "url": "https://github.com/adafruit/arduino-board-index/releases/download/build-tools/gcc-arm-none-eabi-9-2019-q4-major-x86_64-linux.tar.bz2",
              "archiveFileName": "gcc-arm-none-eabi-9-2019-q4-major-x86_64-linux.tar.bz2",
              "checksum": "MD5:fe0029de4f4ec43cf7008944e34ff8cc",
              "size": "116802378"
            },
            {
              "host": "i686-pc-linux-gnu",
              "url": "http://downloads.arduino.cc/tools/gcc-arm-none-eabi-7-2018-q2-update-linux32.tar.bz2",
              "archiveFileName": "gcc-arm-none-eabi-7-2018-q2-update-linux32.tar.bz2",
              "checksum": "SHA-256:090a0bc2b1956bc49392dff924a6c30fa57c88130097b1972204d67a45ce3cf3",
              "size": "97427309"
            }
          ]
        }
      ],
      "name": "electroseed",
      "email": "",
      "help": {
        "online": "https://github.com/electroseed/electroseed.github.io/tree/main/arduino-board-index"
      },
      "maintainer": "ElectroSeed",
      "platforms": [
        {
          "name": "ElectroSeed SAMD Boards",
          "architecture": "samd",
          "version": "1.0.0",
          "category": "ElectroSeed",
          "url": "https://electroseed.github.io/arduino-board-index/electroseed-samd-1.0.0.zip",
          "archiveFileName": "electroseed-samd-1.0.0.zip",
          "checksum": "SHA-256:1f7c0e654e213de0e55c5f9353a9461df0d293cff37f2b1a551a402bf349266e",
          "size": "2046010",
          "help": {
            "online": "https://github.com/electroseed/ArduinoCore-samd/issues"
          },
          "boards": [
            {
              "name": "ElectroSeed Tiny SamD21 M2"
            },
            {
              "name": "ElectroSeed SamD21 WB"
            },
            {
              "name": "MicroMod SamD21"
            },
            {
              "name": "MicroMod SamD21J"
            }
          ],
          "toolsDependencies": [
            {
              "packager": "adafruit",
              "name": "arm-none-eabi-gcc",
              "version": "9-2019q4"
            },
            {
              "packager": "arduino",
              "name": "bossac",
              "version": "1.7.0-arduino3"
            },
            {
              "packager": "adafruit",
              "name": "bossac",
              "version": "1.8.0-48-gb176eee"
            },
            {
              "packager": "arduino",
              "name": "openocd",
              "version": "0.11.0-arduino2"
            },
            {
              "packager": "adafruit",
              "name": "CMSIS",
              "version": "5.4.0"
            },
            {
              "packager": "adafruit",
              "name": "CMSIS-Atmel",
              "version": "1.2.2"
            },
            {
              "packager": "arduino",
              "name": "arduinoOTA",
              "version": "1.2.1"
            }
          ]
        }
      ]
    }
  ]
}